<?xml version="1.0" encoding="UTF-8" standalone="yes"?>
<addon id="script.aftershock.artwork" version="1.2.3" name="Aftershock Artwork" provider-name="IDev">
	<requires>
		<import addon="xbmc.python" version="2.19.0"/>
	</requires>
	<extension point="xbmc.python.module" library="lib" />
	<extension point="xbmc.addon.metadata">
		<summary>Themes for the Aftershock Addon</summary>
		<description>Themes for Aftershock are maintained separately to make distribution of the the addon itself easier/faster.</description>
		<platform>all</platform>
	</extension>
</addon>
