<?xml version="1.0" encoding="utf-8"?>
<window type="dialog">
	<allowoverlay>no</allowoverlay>
	<defaultcontrol always="false">4002</defaultcontrol>
	<coordinates>
		<system>1</system>
		<posx>0</posx>
		<posy>0</posy>
	</coordinates>

    <controls>

        <control type="image">
            <posx>150</posx>
            <posy>100</posy>
            <width>1010</width>
            <height>510</height>
            <texture>aftershocknow-menu.png</texture>
        </control>
        <control type="image">
            <posx>150</posx>
            <posy>100</posy>
            <width>1010</width>
            <height>510</height>
            <texture>aftershocknow-menu.png</texture>
        </control>
		
		<control type="label">
            <description>Help and Tips</description>
            <posx>423</posx>
            <posy>120</posy>
            <width>180</width>
            <height>50</height>
            <textcolor>ffffffff</textcolor>
            <font>font13</font>
			<align>left</align>
            <aligny>top</aligny>
			<label>HELP &amp; TIPS</label>
        </control>
		
		<control type="label">
            <description>Help and Tips</description>
            <posx>423</posx>
            <posy>150</posy>
            <width>706</width>
            <height>400</height>
            <textcolor>ffffffff</textcolor>
            <font>font13</font>
			<align>justify</align>
            <aligny>top</aligny>
			<wrapmultiline>true</wrapmultiline>
			<autoscroll time="3600" delay="6000" repeat="6000">true</autoscroll>
			<label>
For additional help please visit:
https://www.facebook.com/aftershockpy/</label>
        </control>
			
        <control type="image" id="4100">
            <posx>160</posx>
            <posy>130</posy>
            <width>240</width>
            <height>80</height>
            <aspectratio>keep</aspectratio>
			<visible>true</visible>
        </control>
        <control type="label" id="4101">
            <posx>160</posx>
            <posy>100</posy>
            <width>240</width>
            <height>50</height>
            <align>center</align>
            <aligny>center</aligny>
            <font>font13</font>
            <textcolor>ffffffff</textcolor>
        </control>

        <control type="button" id="4000"><!-- Watch Stream -->
            <posx>160</posx>
            <posy>228</posy>
            <width>240</width>
            <height>50</height>
            <texturefocus>aftershocknow-menu-grey-focus.png</texturefocus>
            <texturenofocus>aftershocknow-menu-grey.png</texturenofocus>
            <onup>4005</onup>
            <ondown>4001</ondown>
            <align>center</align>
            <aligny>center</aligny>
            <font>font13</font>
            <textcolor>ffffffff</textcolor>
			<visible>false</visible>
        </control>

        <control type="button" id="4001"><!-- Choose Stream -->
            <posx>160</posx>
            <posy>280</posy>
            <width>240</width>
            <height>50</height>
            <texturefocus>aftershocknow-menu-grey-focus.png</texturefocus>
            <texturenofocus>aftershocknow-menu-grey.png</texturenofocus>
            <onup>4000</onup>
            <ondown>4002</ondown>
            <align>center</align>
            <aligny>center</aligny>
            <font>font13</font>
            <textcolor>ffffffff</textcolor>
            <label>$ADDON[script.aftershocknow.guide 30304]</label>
			<visible>false</visible>
        </control>
        <control type="label"><!-- Choose Stream Text -->
            <posx>20</posx>
            <posy>260</posy>
            <width>240</width>
            <height>200</height>
            <font>font13</font>
            <textcolor>ffffffff</textcolor>
            <label>$ADDON[script.aftershocknow.guide 30305]</label>
            <wrapmultiline>true</wrapmultiline>
			<visible>false</visible>
        </control>

        <control type="label" id="4102"><!-- Show Title -->
            <posx>20</posx>
            <posy>420</posy>
            <width>240</width>
            <height>50</height>
            <align>center</align>
            <aligny>center</aligny>
            <font>font13</font>
            <textcolor>ffffffff</textcolor>
			<visible>false</visible>
        </control>



		<control type="button" id="80002"><!-- GUIDE SETTINGS -->
            <posx>160</posx>
            <posy>160</posy>
            <width>240</width>
            <height>50</height>
            <texturefocus>aftershocknow-menu-grey-focus.png</texturefocus>
            <texturenofocus>aftershocknow-menu-grey.png</texturenofocus>
            <onup>80001</onup>
            <ondown>4001</ondown>
            <align>center</align>
            <aligny>center</aligny>
            <font>font13</font>
            <textcolor>ffffffff</textcolor>
			<label>$ADDON[script.aftershocknow.guide 80002]</label>

        </control>

        <control type="button" id="4004"><!-- QUIT -->
            <posx>20</posx>
            <posy>650</posy>
            <width>240</width>
            <height>50</height>
            <texturefocus>aftershocknow-menu-grey-focus.png</texturefocus>
            <texturenofocus>aftershocknow-menu-grey.png</texturenofocus>
            <onup>4003</onup>
            <ondown>80000</ondown>
            <align>center</align>
            <aligny>center</aligny>
            <font>font13</font>
            <textcolor>ffffffff</textcolor>
            <label>$ADDON[script.aftershocknow.guide 30308]</label>
			<visible>false</visible>
        </control>
		
		

    </controls>
</window>
