<?xml version="1.0" encoding="UTF-8"?>
<addon id="plugin.video.aftershock"
       name="Aftershock"
       version="3.0.3"
       provider-name="IDev">
    <requires>
        <import addon="xbmc.python" version="2.1.0"/>
		<import addon="script.module.urlresolver"  version="2.6.0"/>
		<import addon="script.module.metahandler"  version="1.0.2"/>
        <import addon="script.module.requests" version="1.0.0" />
		<import addon="script.module.beautifulsoup"/>
        <import addon="plugin.video.youtube"/>
    </requires>
    <extension point="xbmc.python.pluginsource"
               library="default.py">
        <provides>video</provides>
    </extension>
    <extension point="xbmc.addon.metadata">
    <summary lang="en">Watch Hindi Movies &amp; TV Shows</summary>
    <description lang="en">Addon based on GENESIS framework by lambda to browse and play a wide selection of Desi Movies, TV Shows and Live Streams. The author doesn't have any affiliation with the content providers.</description>
    <disclaimer lang="en">The author does not host or distribute any of the content displayed by this addon. The author does not have any affiliation with the content provider.</disclaimer>
    <platform>all</platform>
    <forum>http://forum.kodi.tv/showthread.php?tid=237364</forum>
	<website>http://forum.kodi.tv/showthread.php?tid=237364</website>
  </extension>
</addon>